id,Secteur,Poste,Entreprise,Ville,Date_de_publication,Lien,Experience,Contrat,Niveau_etude
53626,Full Stack Developer,Full Stack Developer Intern,FinCorp,New York,2025-11-27,https://linkedin.com/jobs/view/53626,5 ans,Alternance,Doctorat
36122,Business Intelligence,Business Intelligence Junior,CyberGuard,Berlin,2023-12-24,https://linkedin.com/jobs/view/36122,2 ans,CDD,Bac +3
10881,Data Scientist,Data Scientist Junior,CyberGuard,Casablanca,2025-01-13,https://linkedin.com/jobs/view/10881,1 ans,Stage,Doctorat
20783,Full Stack Developer,Full Stack Developer Senior,CloudWorks,San Francisco,2025-09-28,https://linkedin.com/jobs/view/20783,4 ans,Alternance,Bac +5
13061,Accounting,Accounting Senior,SoftWare Solutions,Marrakesh,2024-05-15,https://linkedin.com/jobs/view/13061,6 ans,CDD,Bac +3
96028,Financial Analyst,Financial Analyst Intern,InvestPlus,Toronto,2025-09-11,https://linkedin.com/jobs/view/96028,6 ans,Alternance,Bac +5
38422,Cybersecurity,Cybersecurity Junior,CloudVision,Casablanca,2024-06-08,https://linkedin.com/jobs/view/38422,4 ans,CDD,Bac +3
49948,Investment,Investment Senior,FinCorp,London,2025-07-05,https://linkedin.com/jobs/view/49948,6 ans,Freelance,Bac +3
63569,Full Stack Developer,Full Stack Developer Junior,DataCorp,Toronto,2024-08-10,https://linkedin.com/jobs/view/63569,3 ans,CDI,Bac +3
85663,Finance,Finance Junior,DataBrains,Casablanca,2023-04-05,https://linkedin.com/jobs/view/85663,2 ans,CDD,Doctorat
21230,Accounting,Accounting Intern,FinCorp,Amsterdam,2025-04-06,https://linkedin.com/jobs/view/21230,3 ans,CDI,Doctorat
50669,Investment,Investment Senior,FinanceX,Casablanca,2024-04-24,https://linkedin.com/jobs/view/50669,3 ans,Alternance,Master
47437,Data Scientist,Data Scientist Senior,CloudWorks,Lyon,2023-02-25,https://linkedin.com/jobs/view/47437,5 ans,CDI,Bac +5
74545,Machine Learning Engineer,Machine Learning Engineer Intern,CyberGuard,Paris,2024-04-22,https://linkedin.com/jobs/view/74545,3 ans,Stage,Bac +5
82852,Machine Learning Engineer,Machine Learning Engineer Lead,DataBrains,Marrakesh,2023-06-20,https://linkedin.com/jobs/view/82852,6 ans,Freelance,Doctorat
84721,Cybersecurity,Cybersecurity Senior,CyberGuard,Lyon,2023-11-09,https://linkedin.com/jobs/view/84721,3 ans,Stage,Master
28516,Python Developer,Python Developer Lead,CyberGuard,San Francisco,2023-11-06,https://linkedin.com/jobs/view/28516,2 ans,Alternance,Master
51632,Python Developer,Python Developer Lead,FinCorp,Toronto,2024-03-14,https://linkedin.com/jobs/view/51632,7 ans,Freelance,Bac +5
58369,Finance,Finance Lead,TechCorp,Marrakesh,2023-03-23,https://linkedin.com/jobs/view/58369,2 ans,CDI,Bac +5
19621,Risk Management,Risk Management Senior,FinCorp,Marrakesh,2025-12-14,https://linkedin.com/jobs/view/19621,6 ans,Alternance,Bac +2
46228,DevOps,DevOps Junior,CloudWorks,Berlin,2023-02-19,https://linkedin.com/jobs/view/46228,1 ans,CDD,Master
50844,Investment,Investment Intern,AI Technologies,Toronto,2024-02-10,https://linkedin.com/jobs/view/50844,7 ans,CDD,Doctorat
55000,Accounting,Accounting Junior,DataCorp,Lyon,2025-07-12,https://linkedin.com/jobs/view/55000,2 ans,CDD,Master
47827,Finance,Finance Intern,FinanceX,Marrakesh,2025-03-07,https://linkedin.com/jobs/view/47827,1 ans,Freelance,Doctorat
78291,IT Manager,IT Manager Lead,AI Technologies,Berlin,2023-10-02,https://linkedin.com/jobs/view/78291,3 ans,CDI,Doctorat
52964,Investment,Investment Lead,FinanceX,Paris,2023-05-11,https://linkedin.com/jobs/view/52964,1 ans,Freelance,Master
21426,Business Intelligence,Business Intelligence Senior,CyberGuard,Paris,2024-03-21,https://linkedin.com/jobs/view/21426,1 ans,CDI,Doctorat
53863,Accounting,Accounting Intern,DeepMind,Amsterdam,2023-12-07,https://linkedin.com/jobs/view/53863,3 ans,CDI,Doctorat
48834,Data Scientist,Data Scientist Senior,DataCorp,Amsterdam,2023-07-02,https://linkedin.com/jobs/view/48834,3 ans,Alternance,Master
44448,Business Intelligence,Business Intelligence Intern,RiskNet,Paris,2023-08-16,https://linkedin.com/jobs/view/44448,2 ans,CDD,Bac +3
84337,Accounting,Accounting Lead,FinanceX,London,2023-12-14,https://linkedin.com/jobs/view/84337,6 ans,Alternance,Master
10167,Financial Analyst,Financial Analyst Junior,CloudWorks,London,2023-06-21,https://linkedin.com/jobs/view/10167,5 ans,Freelance,Master
99842,Accounting,Accounting Intern,PythonTech,Amsterdam,2024-09-22,https://linkedin.com/jobs/view/99842,3 ans,CDI,Doctorat
25646,Accounting,Accounting Intern,FinCorp,Casablanca,2024-09-12,https://linkedin.com/jobs/view/25646,1 ans,Alternance,Doctorat
97711,Security Analyst,Security Analyst Junior,FinCorp,San Francisco,2023-02-26,https://linkedin.com/jobs/view/97711,7 ans,Freelance,Bac +2
60787,Financial Analyst,Financial Analyst Intern,FinCorp,Casablanca,2023-12-15,https://linkedin.com/jobs/view/60787,3 ans,Alternance,Master
29916,Investment,Investment Junior,DataBrains,Casablanca,2025-05-10,https://linkedin.com/jobs/view/29916,7 ans,CDI,Doctorat
41910,Data Scientist,Data Scientist Junior,AI Technologies,Lyon,2025-02-26,https://linkedin.com/jobs/view/41910,1 ans,CDI,Bac +5
31208,IT Manager,IT Manager Senior,PythonTech,Toronto,2024-05-17,https://linkedin.com/jobs/view/31208,3 ans,Freelance,Bac +5
81076,Investment,Investment Senior,AI Technologies,Casablanca,2023-11-17,https://linkedin.com/jobs/view/81076,1 ans,CDI,Doctorat
20920,Accounting,Accounting Intern,InnovateTech,Toronto,2025-04-18,https://linkedin.com/jobs/view/20920,7 ans,Alternance,Master
12019,Cybersecurity,Cybersecurity Lead,CyberGuard,London,2024-09-28,https://linkedin.com/jobs/view/12019,5 ans,Stage,Bac +2
81354,Data Analyst,Data Analyst Senior,PythonTech,Toronto,2023-11-07,https://linkedin.com/jobs/view/81354,3 ans,CDD,Doctorat
70604,Data Analyst,Data Analyst Intern,FinanceX,Casablanca,2025-02-22,https://linkedin.com/jobs/view/70604,1 ans,Freelance,Bac +5
19529,Business Intelligence,Business Intelligence Senior,DataBrains,Berlin,2025-07-21,https://linkedin.com/jobs/view/19529,4 ans,Alternance,Bac +3
37900,Python Developer,Python Developer Lead,CloudVision,Amsterdam,2023-11-19,https://linkedin.com/jobs/view/37900,3 ans,Freelance,Master
34014,Finance,Finance Lead,FinCorp,London,2023-05-13,https://linkedin.com/jobs/view/34014,6 ans,Stage,Doctorat
38546,Machine Learning Engineer,Machine Learning Engineer Lead,FinanceX,Lyon,2025-09-28,https://linkedin.com/jobs/view/38546,4 ans,Freelance,Bac +2
81590,Financial Analyst,Financial Analyst Junior,CloudWorks,Lyon,2023-11-10,https://linkedin.com/jobs/view/81590,6 ans,CDI,Bac +2
32365,Data Engineer,Data Engineer Lead,SoftWare Solutions,Casablanca,2023-09-13,https://linkedin.com/jobs/view/32365,6 ans,CDI,Bac +3
49640,Python Developer,Python Developer Senior,FinanceX,Toronto,2024-10-09,https://linkedin.com/jobs/view/49640,7 ans,CDI,Bac +3
43434,Security Analyst,Security Analyst Senior,PythonTech,Lyon,2025-11-28,https://linkedin.com/jobs/view/43434,2 ans,Freelance,Bac +3
81448,Financial Analyst,Financial Analyst Lead,InnovateTech,Marrakesh,2024-02-10,https://linkedin.com/jobs/view/81448,4 ans,CDI,Doctorat
44981,Financial Analyst,Financial Analyst Intern,DataCorp,Casablanca,2023-06-05,https://linkedin.com/jobs/view/44981,2 ans,Freelance,Master
18264,Finance,Finance Lead,AI Technologies,Casablanca,2024-06-12,https://linkedin.com/jobs/view/18264,3 ans,Freelance,Bac +5
11730,Cybersecurity,Cybersecurity Lead,FinanceX,Toronto,2023-12-01,https://linkedin.com/jobs/view/11730,7 ans,CDD,Bac +2
92608,Machine Learning Engineer,Machine Learning Engineer Intern,InnovateTech,Paris,2024-02-06,https://linkedin.com/jobs/view/92608,7 ans,Alternance,Bac +5
95478,Data Engineer,Data Engineer Junior,InvestPlus,Paris,2025-12-06,https://linkedin.com/jobs/view/95478,6 ans,CDI,Bac +5
68394,Cloud Engineer,Cloud Engineer Intern,DataCorp,London,2024-10-12,https://linkedin.com/jobs/view/68394,1 ans,Stage,Doctorat
98061,Data Analyst,Data Analyst Intern,DataCorp,Marrakesh,2023-10-08,https://linkedin.com/jobs/view/98061,5 ans,CDD,Bac +3
19701,Finance,Finance Intern,FinCorp,Marrakesh,2024-10-15,https://linkedin.com/jobs/view/19701,7 ans,Alternance,Bac +5
36335,Financial Analyst,Financial Analyst Junior,AI Technologies,Marrakesh,2024-07-23,https://linkedin.com/jobs/view/36335,1 ans,Stage,Doctorat
86605,Finance,Finance Senior,FinCorp,Amsterdam,2023-12-12,https://linkedin.com/jobs/view/86605,6 ans,CDD,Bac +2
53419,Cloud Engineer,Cloud Engineer Intern,DataCorp,New York,2024-01-18,https://linkedin.com/jobs/view/53419,5 ans,CDI,Master
23252,Finance,Finance Junior,CloudWorks,Casablanca,2024-04-01,https://linkedin.com/jobs/view/23252,7 ans,Stage,Bac +2
98458,Security Analyst,Security Analyst Junior,TechCorp,New York,2024-11-12,https://linkedin.com/jobs/view/98458,3 ans,CDI,Doctorat
49043,Full Stack Developer,Full Stack Developer Lead,InnovateTech,Toronto,2024-11-13,https://linkedin.com/jobs/view/49043,6 ans,Alternance,Bac +3
65547,Cloud Engineer,Cloud Engineer Lead,SoftWare Solutions,Paris,2025-12-10,https://linkedin.com/jobs/view/65547,4 ans,CDD,Bac +3
62998,Cloud Engineer,Cloud Engineer Intern,CloudWorks,Paris,2025-09-28,https://linkedin.com/jobs/view/62998,6 ans,Alternance,Bac +3
57871,Data Engineer,Data Engineer Lead,FinanceX,New York,2024-07-26,https://linkedin.com/jobs/view/57871,6 ans,Freelance,Bac +3
60244,Data Analyst,Data Analyst Senior,PythonTech,Marrakesh,2023-02-16,https://linkedin.com/jobs/view/60244,6 ans,CDI,Bac +2
17463,Business Intelligence,Business Intelligence Senior,RiskNet,New York,2023-08-16,https://linkedin.com/jobs/view/17463,1 ans,Freelance,Bac +3
50684,Data Scientist,Data Scientist Junior,FinCorp,Paris,2023-03-05,https://linkedin.com/jobs/view/50684,6 ans,CDD,Bac +2
32072,Data Analyst,Data Analyst Junior,CloudVision,Berlin,2025-01-07,https://linkedin.com/jobs/view/32072,5 ans,Freelance,Bac +3
98682,Software Engineer,Software Engineer Senior,SoftWare Solutions,Marrakesh,2024-01-10,https://linkedin.com/jobs/view/98682,1 ans,Alternance,Doctorat
52165,Security Analyst,Security Analyst Junior,TechCorp,Toronto,2024-10-02,https://linkedin.com/jobs/view/52165,2 ans,Stage,Doctorat
51179,Risk Management,Risk Management Lead,FinCorp,London,2023-11-21,https://linkedin.com/jobs/view/51179,1 ans,Alternance,Bac +5
15276,Investment,Investment Junior,FinCorp,Lyon,2023-11-16,https://linkedin.com/jobs/view/15276,2 ans,Freelance,Master
81473,Risk Management,Risk Management Senior,DataBrains,New York,2024-12-17,https://linkedin.com/jobs/view/81473,1 ans,Stage,Master
99056,Risk Management,Risk Management Intern,CloudVision,New York,2024-04-14,https://linkedin.com/jobs/view/99056,3 ans,Freelance,Bac +5
32667,Finance,Finance Lead,InnovateTech,Casablanca,2023-05-11,https://linkedin.com/jobs/view/32667,5 ans,Freelance,Bac +3
45698,DevOps,DevOps Senior,DataBrains,New York,2025-03-12,https://linkedin.com/jobs/view/45698,5 ans,Stage,Bac +5
43752,Machine Learning Engineer,Machine Learning Engineer Lead,AI Technologies,Marrakesh,2025-03-23,https://linkedin.com/jobs/view/43752,3 ans,Freelance,Bac +3
60479,Cloud Engineer,Cloud Engineer Lead,FinanceX,London,2023-07-02,https://linkedin.com/jobs/view/60479,4 ans,CDD,Bac +3
14706,Data Analyst,Data Analyst Intern,InnovateTech,New York,2025-04-10,https://linkedin.com/jobs/view/14706,7 ans,CDI,Bac +3
75300,Data Analyst,Data Analyst Intern,DeepMind,Toronto,2023-08-24,https://linkedin.com/jobs/view/75300,3 ans,Freelance,Doctorat
58356,Finance,Finance Junior,CloudVision,Toronto,2025-05-08,https://linkedin.com/jobs/view/58356,2 ans,CDI,Doctorat
39340,Data Analyst,Data Analyst Lead,PythonTech,Berlin,2023-11-24,https://linkedin.com/jobs/view/39340,2 ans,CDI,Bac +2
16569,Accounting,Accounting Lead,DeepMind,Paris,2024-12-28,https://linkedin.com/jobs/view/16569,7 ans,Alternance,Master
80803,Machine Learning Engineer,Machine Learning Engineer Junior,PythonTech,Toronto,2023-05-21,https://linkedin.com/jobs/view/80803,4 ans,Stage,Master
30564,Accounting,Accounting Junior,SoftWare Solutions,Paris,2025-09-17,https://linkedin.com/jobs/view/30564,7 ans,CDI,Master
89658,Network Engineer,Network Engineer Senior,InnovateTech,Toronto,2023-02-11,https://linkedin.com/jobs/view/89658,3 ans,CDI,Master
19254,Investment,Investment Intern,AI Technologies,Paris,2025-09-16,https://linkedin.com/jobs/view/19254,6 ans,Freelance,Master
69479,IT Manager,IT Manager Intern,DeepMind,Paris,2023-09-17,https://linkedin.com/jobs/view/69479,2 ans,CDI,Bac +5
69197,Finance,Finance Junior,InvestPlus,San Francisco,2023-07-02,https://linkedin.com/jobs/view/69197,3 ans,CDI,Doctorat
60502,Software Engineer,Software Engineer Lead,InvestPlus,San Francisco,2025-06-28,https://linkedin.com/jobs/view/60502,2 ans,CDD,Bac +3
87711,DevOps,DevOps Lead,DeepMind,Lyon,2025-11-16,https://linkedin.com/jobs/view/87711,3 ans,CDI,Doctorat
99705,Financial Analyst,Financial Analyst Intern,PythonTech,Amsterdam,2024-12-13,https://linkedin.com/jobs/view/99705,2 ans,Stage,Doctorat
75413,Machine Learning Engineer,Machine Learning Engineer Intern,CloudWorks,San Francisco,2025-09-19,https://linkedin.com/jobs/view/75413,1 ans,CDD,Master
11535,Accounting,Accounting Junior,FinCorp,Lyon,2023-01-21,https://linkedin.com/jobs/view/11535,3 ans,Stage,Bac +2
55589,Software Engineer,Software Engineer Lead,DataBrains,New York,2024-10-02,https://linkedin.com/jobs/view/55589,2 ans,CDD,Doctorat
26058,Cybersecurity,Cybersecurity Senior,DeepMind,Toronto,2023-08-09,https://linkedin.com/jobs/view/26058,4 ans,Freelance,Bac +2
84947,Investment,Investment Lead,FinanceX,Casablanca,2023-08-01,https://linkedin.com/jobs/view/84947,1 ans,CDD,Bac +2
95446,Accounting,Accounting Junior,DataCorp,Berlin,2023-11-21,https://linkedin.com/jobs/view/95446,3 ans,Alternance,Bac +2
63641,IT Manager,IT Manager Senior,SoftWare Solutions,Berlin,2023-05-28,https://linkedin.com/jobs/view/63641,6 ans,Stage,Bac +3
64218,Financial Analyst,Financial Analyst Intern,TechCorp,San Francisco,2024-09-08,https://linkedin.com/jobs/view/64218,7 ans,CDI,Bac +5
63129,Investment,Investment Intern,FinanceX,Paris,2025-10-18,https://linkedin.com/jobs/view/63129,2 ans,Alternance,Bac +5
35306,Security Analyst,Security Analyst Lead,InnovateTech,New York,2024-08-17,https://linkedin.com/jobs/view/35306,5 ans,CDI,Master
13737,Data Analyst,Data Analyst Senior,RiskNet,Lyon,2025-08-23,https://linkedin.com/jobs/view/13737,4 ans,Freelance,Bac +5
21844,Accounting,Accounting Intern,CloudVision,New York,2023-08-28,https://linkedin.com/jobs/view/21844,6 ans,Alternance,Master
22146,Risk Management,Risk Management Senior,InvestPlus,Berlin,2024-08-21,https://linkedin.com/jobs/view/22146,1 ans,Alternance,Master
71861,Full Stack Developer,Full Stack Developer Intern,SoftWare Solutions,New York,2025-07-18,https://linkedin.com/jobs/view/71861,7 ans,Stage,Doctorat
47252,Data Scientist,Data Scientist Lead,CyberGuard,San Francisco,2025-05-26,https://linkedin.com/jobs/view/47252,6 ans,CDD,Doctorat
68250,Risk Management,Risk Management Intern,DeepMind,Amsterdam,2025-12-21,https://linkedin.com/jobs/view/68250,6 ans,Stage,Bac +3
16534,Data Engineer,Data Engineer Intern,CloudVision,Amsterdam,2025-10-19,https://linkedin.com/jobs/view/16534,6 ans,Stage,Master
59042,Investment,Investment Junior,FinCorp,Toronto,2023-04-03,https://linkedin.com/jobs/view/59042,2 ans,Freelance,Bac +3
27178,Investment,Investment Lead,DataCorp,Amsterdam,2023-10-13,https://linkedin.com/jobs/view/27178,1 ans,Stage,Bac +2
73815,Investment,Investment Intern,FinanceX,Toronto,2024-10-09,https://linkedin.com/jobs/view/73815,4 ans,Freelance,Doctorat
84142,Security Analyst,Security Analyst Junior,SoftWare Solutions,Paris,2025-10-04,https://linkedin.com/jobs/view/84142,5 ans,CDI,Bac +2
28443,Data Scientist,Data Scientist Intern,DataBrains,Marrakesh,2025-11-06,https://linkedin.com/jobs/view/28443,5 ans,Alternance,Bac +5
16904,DevOps,DevOps Intern,DataCorp,Casablanca,2024-06-27,https://linkedin.com/jobs/view/16904,3 ans,CDD,Master
32980,Machine Learning Engineer,Machine Learning Engineer Junior,PythonTech,San Francisco,2024-04-17,https://linkedin.com/jobs/view/32980,2 ans,Alternance,Bac +3
80518,Machine Learning Engineer,Machine Learning Engineer Senior,DataBrains,Paris,2024-01-06,https://linkedin.com/jobs/view/80518,2 ans,Freelance,Bac +5
18737,Accounting,Accounting Intern,RiskNet,Toronto,2025-05-06,https://linkedin.com/jobs/view/18737,1 ans,Alternance,Bac +3
57762,Financial Analyst,Financial Analyst Senior,CloudWorks,London,2024-07-14,https://linkedin.com/jobs/view/57762,4 ans,Alternance,Bac +3
48872,Risk Management,Risk Management Senior,DataBrains,Paris,2023-06-18,https://linkedin.com/jobs/view/48872,5 ans,CDD,Doctorat
79861,Machine Learning Engineer,Machine Learning Engineer Lead,DeepMind,Marrakesh,2025-08-03,https://linkedin.com/jobs/view/79861,5 ans,CDI,Bac +2
37800,Network Engineer,Network Engineer Senior,FinCorp,Lyon,2025-12-04,https://linkedin.com/jobs/view/37800,4 ans,CDI,Doctorat
39020,Data Engineer,Data Engineer Junior,SoftWare Solutions,Paris,2024-08-07,https://linkedin.com/jobs/view/39020,1 ans,Stage,Bac +2
56624,Finance,Finance Senior,CloudWorks,London,2024-01-15,https://linkedin.com/jobs/view/56624,1 ans,Freelance,Doctorat
31924,Finance,Finance Intern,CloudWorks,Berlin,2024-03-09,https://linkedin.com/jobs/view/31924,3 ans,CDI,Doctorat
90770,Financial Analyst,Financial Analyst Intern,InnovateTech,London,2024-05-08,https://linkedin.com/jobs/view/90770,1 ans,Stage,Bac +3
70907,Risk Management,Risk Management Intern,InvestPlus,New York,2025-04-09,https://linkedin.com/jobs/view/70907,4 ans,Stage,Doctorat
95541,DevOps,DevOps Senior,DeepMind,Lyon,2024-09-12,https://linkedin.com/jobs/view/95541,4 ans,CDI,Bac +3
31329,Data Scientist,Data Scientist Junior,TechCorp,Paris,2024-02-19,https://linkedin.com/jobs/view/31329,3 ans,Alternance,Bac +2
47333,Financial Analyst,Financial Analyst Senior,InvestPlus,Amsterdam,2025-09-07,https://linkedin.com/jobs/view/47333,6 ans,Freelance,Bac +3
49664,Cybersecurity,Cybersecurity Intern,FinCorp,Berlin,2024-03-16,https://linkedin.com/jobs/view/49664,6 ans,Alternance,Doctorat
50689,Finance,Finance Senior,CyberGuard,Casablanca,2025-05-03,https://linkedin.com/jobs/view/50689,6 ans,Stage,Master
55228,DevOps,DevOps Intern,RiskNet,Amsterdam,2023-03-17,https://linkedin.com/jobs/view/55228,2 ans,Freelance,Master
43504,Data Scientist,Data Scientist Lead,SoftWare Solutions,Paris,2023-11-03,https://linkedin.com/jobs/view/43504,3 ans,Stage,Master
66041,Cybersecurity,Cybersecurity Junior,CloudVision,London,2024-02-11,https://linkedin.com/jobs/view/66041,7 ans,Stage,Bac +2
15868,Investment,Investment Junior,RiskNet,Amsterdam,2024-07-06,https://linkedin.com/jobs/view/15868,6 ans,CDI,Doctorat
88512,Risk Management,Risk Management Intern,FinanceX,New York,2025-12-15,https://linkedin.com/jobs/view/88512,1 ans,CDI,Bac +2
33664,Python Developer,Python Developer Lead,TechCorp,New York,2023-08-06,https://linkedin.com/jobs/view/33664,2 ans,CDD,Bac +2
87074,Risk Management,Risk Management Junior,DataBrains,Berlin,2023-03-09,https://linkedin.com/jobs/view/87074,5 ans,Stage,Doctorat
14951,Data Analyst,Data Analyst Junior,CyberGuard,Berlin,2024-10-05,https://linkedin.com/jobs/view/14951,4 ans,Stage,Doctorat
50002,Full Stack Developer,Full Stack Developer Lead,DataBrains,London,2023-02-09,https://linkedin.com/jobs/view/50002,4 ans,CDD,Bac +3
77784,IT Manager,IT Manager Intern,FinCorp,New York,2023-06-25,https://linkedin.com/jobs/view/77784,4 ans,CDI,Bac +2
92299,Cybersecurity,Cybersecurity Junior,DataCorp,San Francisco,2023-11-15,https://linkedin.com/jobs/view/92299,2 ans,Stage,Bac +2
26243,Software Engineer,Software Engineer Senior,SoftWare Solutions,New York,2023-06-14,https://linkedin.com/jobs/view/26243,5 ans,Stage,Doctorat
80941,IT Manager,IT Manager Intern,FinanceX,Amsterdam,2023-03-12,https://linkedin.com/jobs/view/80941,4 ans,Alternance,Doctorat
20472,DevOps,DevOps Intern,SoftWare Solutions,Paris,2024-08-21,https://linkedin.com/jobs/view/20472,2 ans,Alternance,Master
34205,IT Manager,IT Manager Intern,RiskNet,San Francisco,2023-09-23,https://linkedin.com/jobs/view/34205,7 ans,Alternance,Master
12200,Cybersecurity,Cybersecurity Junior,CyberGuard,San Francisco,2025-01-12,https://linkedin.com/jobs/view/12200,7 ans,Freelance,Doctorat
82924,Risk Management,Risk Management Intern,TechCorp,San Francisco,2023-07-18,https://linkedin.com/jobs/view/82924,3 ans,Stage,Bac +5
16051,Data Engineer,Data Engineer Senior,DataBrains,Paris,2024-04-18,https://linkedin.com/jobs/view/16051,4 ans,CDI,Bac +2
97011,Machine Learning Engineer,Machine Learning Engineer Lead,PythonTech,Casablanca,2025-10-06,https://linkedin.com/jobs/view/97011,5 ans,CDD,Bac +2
82467,Full Stack Developer,Full Stack Developer Lead,RiskNet,New York,2024-02-23,https://linkedin.com/jobs/view/82467,4 ans,Freelance,Doctorat
49724,Network Engineer,Network Engineer Senior,DataBrains,Amsterdam,2025-09-20,https://linkedin.com/jobs/view/49724,6 ans,CDI,Bac +3
85874,Data Analyst,Data Analyst Lead,DeepMind,Lyon,2023-09-09,https://linkedin.com/jobs/view/85874,1 ans,Alternance,Bac +2
93088,Accounting,Accounting Junior,TechCorp,Marrakesh,2023-11-20,https://linkedin.com/jobs/view/93088,3 ans,Freelance,Bac +3
41308,Machine Learning Engineer,Machine Learning Engineer Senior,CloudWorks,New York,2025-02-20,https://linkedin.com/jobs/view/41308,7 ans,Stage,Bac +3
92071,Cloud Engineer,Cloud Engineer Lead,InvestPlus,New York,2025-07-17,https://linkedin.com/jobs/view/92071,5 ans,Stage,Doctorat
21222,Security Analyst,Security Analyst Lead,CloudWorks,Marrakesh,2025-10-24,https://linkedin.com/jobs/view/21222,5 ans,Alternance,Doctorat
91714,Finance,Finance Intern,PythonTech,Amsterdam,2023-04-26,https://linkedin.com/jobs/view/91714,7 ans,Stage,Doctorat
41650,Financial Analyst,Financial Analyst Senior,FinCorp,London,2024-02-17,https://linkedin.com/jobs/view/41650,4 ans,Stage,Master
52150,Cloud Engineer,Cloud Engineer Intern,CyberGuard,Toronto,2023-01-18,https://linkedin.com/jobs/view/52150,3 ans,CDI,Bac +5
72029,DevOps,DevOps Lead,DeepMind,Casablanca,2024-10-07,https://linkedin.com/jobs/view/72029,2 ans,Stage,Master
78959,Security Analyst,Security Analyst Intern,FinCorp,Paris,2025-12-25,https://linkedin.com/jobs/view/78959,5 ans,Alternance,Doctorat
97469,Data Engineer,Data Engineer Intern,InnovateTech,San Francisco,2024-10-27,https://linkedin.com/jobs/view/97469,3 ans,CDD,Bac +5
91369,Data Engineer,Data Engineer Lead,FinanceX,Lyon,2024-11-07,https://linkedin.com/jobs/view/91369,7 ans,CDD,Bac +2
43674,Finance,Finance Senior,InnovateTech,Paris,2024-05-03,https://linkedin.com/jobs/view/43674,7 ans,Alternance,Doctorat
16824,Machine Learning Engineer,Machine Learning Engineer Lead,DataCorp,Toronto,2023-12-05,https://linkedin.com/jobs/view/16824,6 ans,CDD,Doctorat
97960,Data Scientist,Data Scientist Senior,CloudWorks,Casablanca,2024-03-27,https://linkedin.com/jobs/view/97960,3 ans,Stage,Bac +5
91871,Cybersecurity,Cybersecurity Senior,InvestPlus,Lyon,2024-02-08,https://linkedin.com/jobs/view/91871,4 ans,CDD,Bac +3
58517,Network Engineer,Network Engineer Lead,PythonTech,San Francisco,2024-01-26,https://linkedin.com/jobs/view/58517,7 ans,Alternance,Bac +3
61800,Accounting,Accounting Junior,FinanceX,Casablanca,2024-11-02,https://linkedin.com/jobs/view/61800,6 ans,Freelance,Bac +2
57529,Network Engineer,Network Engineer Intern,CloudWorks,Toronto,2025-02-04,https://linkedin.com/jobs/view/57529,5 ans,Freelance,Master
76228,Risk Management,Risk Management Senior,AI Technologies,London,2025-01-01,https://linkedin.com/jobs/view/76228,5 ans,Alternance,Master
75165,Investment,Investment Senior,CloudWorks,Marrakesh,2023-12-28,https://linkedin.com/jobs/view/75165,1 ans,CDI,Doctorat
41339,Investment,Investment Senior,AI Technologies,San Francisco,2025-12-28,https://linkedin.com/jobs/view/41339,7 ans,CDD,Bac +5
83984,Network Engineer,Network Engineer Lead,PythonTech,Paris,2024-10-12,https://linkedin.com/jobs/view/83984,1 ans,Stage,Master
24358,Finance,Finance Lead,DataBrains,San Francisco,2023-10-03,https://linkedin.com/jobs/view/24358,2 ans,Stage,Bac +3
18333,Finance,Finance Senior,CyberGuard,Amsterdam,2025-11-16,https://linkedin.com/jobs/view/18333,6 ans,Freelance,Master
23971,Cybersecurity,Cybersecurity Lead,RiskNet,San Francisco,2024-11-25,https://linkedin.com/jobs/view/23971,4 ans,CDD,Master
50030,DevOps,DevOps Senior,PythonTech,London,2023-11-03,https://linkedin.com/jobs/view/50030,4 ans,CDI,Master
37413,Accounting,Accounting Intern,DataCorp,Paris,2023-08-23,https://linkedin.com/jobs/view/37413,2 ans,CDI,Master
38474,Cybersecurity,Cybersecurity Junior,SoftWare Solutions,New York,2025-11-13,https://linkedin.com/jobs/view/38474,4 ans,CDI,Master
74701,Financial Analyst,Financial Analyst Intern,RiskNet,London,2025-02-16,https://linkedin.com/jobs/view/74701,4 ans,Alternance,Bac +3
21417,Risk Management,Risk Management Intern,CyberGuard,Marrakesh,2025-02-21,https://linkedin.com/jobs/view/21417,6 ans,Stage,Doctorat
26340,Investment,Investment Lead,DataCorp,Lyon,2025-07-22,https://linkedin.com/jobs/view/26340,6 ans,Alternance,Bac +5
81907,Investment,Investment Lead,CloudVision,Berlin,2024-12-04,https://linkedin.com/jobs/view/81907,2 ans,Freelance,Bac +3
13355,Software Engineer,Software Engineer Intern,FinCorp,Amsterdam,2025-11-19,https://linkedin.com/jobs/view/13355,7 ans,Stage,Bac +2
73162,Investment,Investment Intern,DeepMind,Paris,2024-01-18,https://linkedin.com/jobs/view/73162,5 ans,CDD,Doctorat
42410,Investment,Investment Lead,PythonTech,New York,2024-07-13,https://linkedin.com/jobs/view/42410,2 ans,CDD,Doctorat
24388,Business Intelligence,Business Intelligence Senior,SoftWare Solutions,Lyon,2025-05-08,https://linkedin.com/jobs/view/24388,1 ans,CDI,Bac +3
57054,DevOps,DevOps Lead,PythonTech,Lyon,2024-02-25,https://linkedin.com/jobs/view/57054,2 ans,CDI,Bac +5
54243,Python Developer,Python Developer Senior,CloudVision,New York,2025-10-06,https://linkedin.com/jobs/view/54243,6 ans,Freelance,Bac +3
12806,Risk Management,Risk Management Junior,PythonTech,Berlin,2024-07-12,https://linkedin.com/jobs/view/12806,5 ans,CDD,Bac +3
64706,Data Engineer,Data Engineer Lead,DeepMind,Amsterdam,2025-12-17,https://linkedin.com/jobs/view/64706,5 ans,CDD,Bac +2
84286,Full Stack Developer,Full Stack Developer Senior,CloudVision,London,2024-09-18,https://linkedin.com/jobs/view/84286,2 ans,CDI,Doctorat
40158,Risk Management,Risk Management Lead,InnovateTech,New York,2023-10-05,https://linkedin.com/jobs/view/40158,3 ans,Alternance,Bac +5
61190,Data Analyst,Data Analyst Intern,DataCorp,London,2025-08-19,https://linkedin.com/jobs/view/61190,1 ans,Freelance,Bac +2
64667,Data Scientist,Data Scientist Lead,DataBrains,Paris,2023-10-11,https://linkedin.com/jobs/view/64667,2 ans,Stage,Bac +5
93719,Finance,Finance Lead,InvestPlus,Paris,2023-03-20,https://linkedin.com/jobs/view/93719,2 ans,CDD,Bac +5
36369,Accounting,Accounting Senior,SoftWare Solutions,Casablanca,2025-07-25,https://linkedin.com/jobs/view/36369,3 ans,Alternance,Bac +3
45418,Risk Management,Risk Management Senior,SoftWare Solutions,Berlin,2025-01-23,https://linkedin.com/jobs/view/45418,3 ans,CDI,Bac +5
51750,Data Scientist,Data Scientist Junior,CloudVision,Toronto,2024-04-22,https://linkedin.com/jobs/view/51750,7 ans,Freelance,Master
49717,Data Engineer,Data Engineer Lead,InvestPlus,Lyon,2023-09-11,https://linkedin.com/jobs/view/49717,7 ans,Stage,Doctorat
41150,Business Intelligence,Business Intelligence Junior,RiskNet,Marrakesh,2023-10-24,https://linkedin.com/jobs/view/41150,4 ans,Alternance,Bac +3
85855,Finance,Finance Lead,CloudVision,Berlin,2023-08-15,https://linkedin.com/jobs/view/85855,4 ans,Alternance,Doctorat
62501,Network Engineer,Network Engineer Lead,PythonTech,Toronto,2025-07-17,https://linkedin.com/jobs/view/62501,3 ans,CDI,Bac +2
40532,Data Engineer,Data Engineer Junior,PythonTech,San Francisco,2024-05-25,https://linkedin.com/jobs/view/40532,5 ans,CDD,Bac +3
47076,Finance,Finance Senior,SoftWare Solutions,London,2025-02-28,https://linkedin.com/jobs/view/47076,1 ans,Alternance,Bac +5
17677,DevOps,DevOps Junior,CyberGuard,San Francisco,2023-11-11,https://linkedin.com/jobs/view/17677,5 ans,Freelance,Bac +5
64355,Risk Management,Risk Management Junior,DataBrains,Toronto,2023-10-03,https://linkedin.com/jobs/view/64355,7 ans,Alternance,Bac +5
55509,Finance,Finance Senior,DeepMind,Amsterdam,2025-08-26,https://linkedin.com/jobs/view/55509,2 ans,CDI,Master
20442,Data Engineer,Data Engineer Junior,SoftWare Solutions,Paris,2024-07-05,https://linkedin.com/jobs/view/20442,7 ans,Alternance,Bac +5
22254,Full Stack Developer,Full Stack Developer Senior,CloudWorks,Lyon,2023-07-05,https://linkedin.com/jobs/view/22254,3 ans,CDI,Doctorat
68109,Finance,Finance Intern,TechCorp,New York,2023-09-07,https://linkedin.com/jobs/view/68109,3 ans,Stage,Bac +5
88514,Data Scientist,Data Scientist Senior,PythonTech,Paris,2023-01-16,https://linkedin.com/jobs/view/88514,5 ans,CDI,Bac +5
69081,Software Engineer,Software Engineer Intern,DeepMind,London,2024-10-09,https://linkedin.com/jobs/view/69081,5 ans,CDI,Doctorat
82954,Accounting,Accounting Lead,InvestPlus,Toronto,2024-06-26,https://linkedin.com/jobs/view/82954,6 ans,Stage,Bac +2
18856,IT Manager,IT Manager Intern,RiskNet,Amsterdam,2025-01-10,https://linkedin.com/jobs/view/18856,5 ans,Alternance,Bac +2
12106,Security Analyst,Security Analyst Senior,InnovateTech,San Francisco,2025-11-13,https://linkedin.com/jobs/view/12106,3 ans,Freelance,Bac +5
81196,DevOps,DevOps Junior,TechCorp,New York,2025-02-13,https://linkedin.com/jobs/view/81196,7 ans,CDI,Master
45543,Software Engineer,Software Engineer Intern,DataBrains,Casablanca,2023-01-02,https://linkedin.com/jobs/view/45543,3 ans,Alternance,Doctorat
61147,Investment,Investment Junior,FinanceX,Marrakesh,2025-03-03,https://linkedin.com/jobs/view/61147,1 ans,Freelance,Master
13084,Security Analyst,Security Analyst Junior,SoftWare Solutions,Casablanca,2024-10-10,https://linkedin.com/jobs/view/13084,2 ans,Alternance,Master
39423,IT Manager,IT Manager Intern,InnovateTech,Marrakesh,2025-10-19,https://linkedin.com/jobs/view/39423,3 ans,CDD,Bac +3
51201,Finance,Finance Junior,RiskNet,San Francisco,2025-10-11,https://linkedin.com/jobs/view/51201,1 ans,Freelance,Bac +5
80171,Business Intelligence,Business Intelligence Intern,CloudVision,Toronto,2024-04-13,https://linkedin.com/jobs/view/80171,5 ans,CDD,Bac +5
67287,Data Engineer,Data Engineer Lead,CloudVision,San Francisco,2024-11-02,https://linkedin.com/jobs/view/67287,5 ans,Stage,Bac +5
12483,DevOps,DevOps Lead,FinCorp,London,2023-07-07,https://linkedin.com/jobs/view/12483,2 ans,Freelance,Doctorat
21155,Investment,Investment Lead,RiskNet,Casablanca,2025-04-28,https://linkedin.com/jobs/view/21155,1 ans,Stage,Master
12724,Full Stack Developer,Full Stack Developer Lead,FinanceX,London,2025-04-19,https://linkedin.com/jobs/view/12724,7 ans,Freelance,Bac +2
79246,IT Manager,IT Manager Lead,AI Technologies,London,2025-01-05,https://linkedin.com/jobs/view/79246,5 ans,Stage,Master
11042,IT Manager,IT Manager Junior,SoftWare Solutions,San Francisco,2024-02-03,https://linkedin.com/jobs/view/11042,5 ans,Stage,Bac +5
49208,Data Scientist,Data Scientist Lead,CyberGuard,Amsterdam,2023-06-27,https://linkedin.com/jobs/view/49208,7 ans,Freelance,Doctorat
57861,Financial Analyst,Financial Analyst Junior,InnovateTech,Casablanca,2025-05-14,https://linkedin.com/jobs/view/57861,3 ans,CDI,Bac +3
80359,Finance,Finance Junior,FinanceX,San Francisco,2024-06-26,https://linkedin.com/jobs/view/80359,4 ans,Stage,Bac +2
75523,Data Engineer,Data Engineer Lead,InnovateTech,San Francisco,2023-06-23,https://linkedin.com/jobs/view/75523,4 ans,Freelance,Bac +5
88954,Data Scientist,Data Scientist Lead,DeepMind,Casablanca,2025-01-10,https://linkedin.com/jobs/view/88954,3 ans,Stage,Master
45322,Full Stack Developer,Full Stack Developer Senior,InnovateTech,New York,2025-06-16,https://linkedin.com/jobs/view/45322,7 ans,Freelance,Bac +3
20995,Risk Management,Risk Management Senior,FinCorp,Berlin,2025-08-11,https://linkedin.com/jobs/view/20995,3 ans,Freelance,Doctorat
13942,Risk Management,Risk Management Junior,DeepMind,Berlin,2025-11-28,https://linkedin.com/jobs/view/13942,6 ans,Alternance,Bac +5
75912,Machine Learning Engineer,Machine Learning Engineer Intern,TechCorp,Marrakesh,2025-03-16,https://linkedin.com/jobs/view/75912,1 ans,Alternance,Bac +2
10841,Investment,Investment Junior,DataCorp,San Francisco,2024-02-25,https://linkedin.com/jobs/view/10841,1 ans,Freelance,Bac +3
83177,Data Scientist,Data Scientist Intern,TechCorp,Lyon,2023-07-27,https://linkedin.com/jobs/view/83177,7 ans,Stage,Bac +2
48357,Investment,Investment Lead,DeepMind,Marrakesh,2024-01-25,https://linkedin.com/jobs/view/48357,5 ans,CDD,Bac +2
65059,Python Developer,Python Developer Lead,AI Technologies,Toronto,2024-12-16,https://linkedin.com/jobs/view/65059,7 ans,CDD,Bac +2
55329,Data Scientist,Data Scientist Senior,PythonTech,Toronto,2025-01-08,https://linkedin.com/jobs/view/55329,5 ans,Stage,Bac +2
47328,Data Scientist,Data Scientist Lead,DataCorp,Berlin,2025-09-05,https://linkedin.com/jobs/view/47328,1 ans,CDI,Bac +5
30557,Cloud Engineer,Cloud Engineer Lead,InvestPlus,London,2025-01-18,https://linkedin.com/jobs/view/30557,4 ans,CDD,Bac +3
10607,Finance,Finance Lead,DeepMind,Berlin,2024-10-26,https://linkedin.com/jobs/view/10607,2 ans,Freelance,Bac +3
29028,Investment,Investment Intern,RiskNet,New York,2023-02-03,https://linkedin.com/jobs/view/29028,1 ans,CDD,Doctorat
82783,Financial Analyst,Financial Analyst Junior,CloudWorks,Amsterdam,2024-09-17,https://linkedin.com/jobs/view/82783,4 ans,CDD,Bac +5
59701,Machine Learning Engineer,Machine Learning Engineer Intern,SoftWare Solutions,San Francisco,2023-04-13,https://linkedin.com/jobs/view/59701,3 ans,Stage,Bac +3
20802,Network Engineer,Network Engineer Senior,DataCorp,Marrakesh,2025-05-13,https://linkedin.com/jobs/view/20802,1 ans,Freelance,Master
63582,IT Manager,IT Manager Junior,CloudWorks,Amsterdam,2023-09-15,https://linkedin.com/jobs/view/63582,7 ans,CDD,Bac +5
73261,Investment,Investment Lead,SoftWare Solutions,London,2025-09-05,https://linkedin.com/jobs/view/73261,7 ans,Alternance,Doctorat
99449,Cloud Engineer,Cloud Engineer Lead,DeepMind,London,2024-09-20,https://linkedin.com/jobs/view/99449,5 ans,CDI,Bac +5
29883,Finance,Finance Senior,InvestPlus,Paris,2023-11-02,https://linkedin.com/jobs/view/29883,4 ans,Freelance,Master
42864,Cloud Engineer,Cloud Engineer Senior,DataBrains,Berlin,2024-05-05,https://linkedin.com/jobs/view/42864,1 ans,Stage,Doctorat
73031,Network Engineer,Network Engineer Junior,FinanceX,Marrakesh,2023-01-27,https://linkedin.com/jobs/view/73031,6 ans,CDD,Master
64635,Investment,Investment Lead,RiskNet,London,2023-07-22,https://linkedin.com/jobs/view/64635,4 ans,Stage,Bac +3
77270,Security Analyst,Security Analyst Senior,AI Technologies,Berlin,2025-02-05,https://linkedin.com/jobs/view/77270,7 ans,Alternance,Doctorat
38158,IT Manager,IT Manager Intern,CloudVision,New York,2023-12-23,https://linkedin.com/jobs/view/38158,2 ans,Freelance,Bac +5
20933,Software Engineer,Software Engineer Junior,TechCorp,San Francisco,2024-10-16,https://linkedin.com/jobs/view/20933,1 ans,CDD,Bac +3
11096,Finance,Finance Junior,DeepMind,Casablanca,2024-07-03,https://linkedin.com/jobs/view/11096,6 ans,Alternance,Bac +3
69070,Finance,Finance Lead,PythonTech,Marrakesh,2023-04-28,https://linkedin.com/jobs/view/69070,1 ans,CDD,Bac +5
52753,Finance,Finance Lead,FinCorp,Lyon,2024-02-21,https://linkedin.com/jobs/view/52753,1 ans,Freelance,Bac +3
53933,Finance,Finance Junior,PythonTech,London,2023-06-24,https://linkedin.com/jobs/view/53933,3 ans,Freelance,Master
74051,Python Developer,Python Developer Junior,InvestPlus,Lyon,2025-04-07,https://linkedin.com/jobs/view/74051,7 ans,Freelance,Bac +2
30687,Financial Analyst,Financial Analyst Lead,InnovateTech,London,2025-05-20,https://linkedin.com/jobs/view/30687,3 ans,CDI,Bac +2
75516,Data Scientist,Data Scientist Intern,FinanceX,San Francisco,2025-03-19,https://linkedin.com/jobs/view/75516,1 ans,Stage,Bac +2
60101,Risk Management,Risk Management Lead,DeepMind,Marrakesh,2023-12-22,https://linkedin.com/jobs/view/60101,4 ans,CDD,Bac +3
46134,Accounting,Accounting Junior,DeepMind,New York,2023-05-07,https://linkedin.com/jobs/view/46134,3 ans,Freelance,Master
63075,Cloud Engineer,Cloud Engineer Senior,CloudVision,Berlin,2023-01-16,https://linkedin.com/jobs/view/63075,7 ans,CDD,Master
73787,Business Intelligence,Business Intelligence Intern,TechCorp,Toronto,2025-01-05,https://linkedin.com/jobs/view/73787,1 ans,Freelance,Bac +5
77875,Business Intelligence,Business Intelligence Lead,SoftWare Solutions,Marrakesh,2023-01-02,https://linkedin.com/jobs/view/77875,2 ans,Freelance,Bac +3
61108,Financial Analyst,Financial Analyst Intern,TechCorp,Casablanca,2024-02-19,https://linkedin.com/jobs/view/61108,7 ans,CDD,Doctorat
30798,Python Developer,Python Developer Lead,AI Technologies,Lyon,2025-07-11,https://linkedin.com/jobs/view/30798,4 ans,CDD,Bac +2
76978,Investment,Investment Junior,CyberGuard,Toronto,2025-11-12,https://linkedin.com/jobs/view/76978,6 ans,Stage,Master
65458,Risk Management,Risk Management Senior,AI Technologies,Marrakesh,2024-01-28,https://linkedin.com/jobs/view/65458,5 ans,CDI,Doctorat
94125,Network Engineer,Network Engineer Junior,InnovateTech,New York,2023-03-02,https://linkedin.com/jobs/view/94125,2 ans,Stage,Bac +5
59450,Security Analyst,Security Analyst Intern,PythonTech,Berlin,2024-04-05,https://linkedin.com/jobs/view/59450,3 ans,CDI,Bac +5
54041,Full Stack Developer,Full Stack Developer Intern,PythonTech,Lyon,2023-10-22,https://linkedin.com/jobs/view/54041,3 ans,CDI,Doctorat
95361,DevOps,DevOps Junior,DataBrains,Lyon,2025-01-17,https://linkedin.com/jobs/view/95361,4 ans,Alternance,Bac +2
25853,DevOps,DevOps Senior,SoftWare Solutions,Amsterdam,2025-02-25,https://linkedin.com/jobs/view/25853,1 ans,CDD,Bac +2
72198,Network Engineer,Network Engineer Junior,DataBrains,Lyon,2024-07-05,https://linkedin.com/jobs/view/72198,7 ans,Stage,Bac +5
38672,Cybersecurity,Cybersecurity Intern,DataCorp,Marrakesh,2023-03-25,https://linkedin.com/jobs/view/38672,5 ans,Stage,Bac +3
30066,Security Analyst,Security Analyst Intern,SoftWare Solutions,San Francisco,2024-02-19,https://linkedin.com/jobs/view/30066,3 ans,Stage,Bac +3
92184,Risk Management,Risk Management Senior,FinanceX,Casablanca,2024-05-25,https://linkedin.com/jobs/view/92184,2 ans,Freelance,Doctorat
27946,Risk Management,Risk Management Intern,InnovateTech,San Francisco,2024-11-17,https://linkedin.com/jobs/view/27946,3 ans,Alternance,Bac +5
59902,Business Intelligence,Business Intelligence Lead,PythonTech,Amsterdam,2024-05-08,https://linkedin.com/jobs/view/59902,6 ans,Stage,Master
43063,Investment,Investment Intern,PythonTech,Toronto,2024-03-28,https://linkedin.com/jobs/view/43063,7 ans,Stage,Bac +5
94872,Machine Learning Engineer,Machine Learning Engineer Intern,CloudWorks,Lyon,2025-11-23,https://linkedin.com/jobs/view/94872,6 ans,Freelance,Master
35190,Cloud Engineer,Cloud Engineer Senior,FinanceX,San Francisco,2024-06-24,https://linkedin.com/jobs/view/35190,5 ans,CDI,Doctorat
53567,DevOps,DevOps Senior,CyberGuard,Marrakesh,2025-08-18,https://linkedin.com/jobs/view/53567,5 ans,CDI,Bac +2
95425,Investment,Investment Junior,FinanceX,Marrakesh,2025-09-19,https://linkedin.com/jobs/view/95425,5 ans,Freelance,Bac +5
93728,Software Engineer,Software Engineer Lead,SoftWare Solutions,Casablanca,2023-01-19,https://linkedin.com/jobs/view/93728,7 ans,CDI,Doctorat
46750,DevOps,DevOps Junior,TechCorp,London,2023-11-09,https://linkedin.com/jobs/view/46750,7 ans,CDI,Bac +2
44894,Investment,Investment Intern,TechCorp,Lyon,2023-08-15,https://linkedin.com/jobs/view/44894,2 ans,CDD,Bac +3
38209,Investment,Investment Intern,SoftWare Solutions,Paris,2025-04-07,https://linkedin.com/jobs/view/38209,7 ans,Alternance,Doctorat
67523,Data Analyst,Data Analyst Lead,InvestPlus,Berlin,2025-04-09,https://linkedin.com/jobs/view/67523,4 ans,CDI,Master
78987,Accounting,Accounting Junior,CloudVision,Paris,2024-05-02,https://linkedin.com/jobs/view/78987,3 ans,Freelance,Bac +5
58295,Finance,Finance Intern,DataCorp,London,2025-10-09,https://linkedin.com/jobs/view/58295,2 ans,CDD,Doctorat
85064,DevOps,DevOps Lead,InvestPlus,New York,2024-12-12,https://linkedin.com/jobs/view/85064,6 ans,CDI,Bac +2
62705,IT Manager,IT Manager Senior,DeepMind,Berlin,2023-12-14,https://linkedin.com/jobs/view/62705,3 ans,Stage,Doctorat
80424,Python Developer,Python Developer Lead,PythonTech,San Francisco,2023-06-13,https://linkedin.com/jobs/view/80424,2 ans,Alternance,Bac +3
93839,Financial Analyst,Financial Analyst Lead,InvestPlus,Amsterdam,2023-08-26,https://linkedin.com/jobs/view/93839,1 ans,Freelance,Bac +3
94703,Business Intelligence,Business Intelligence Lead,DeepMind,Lyon,2025-04-06,https://linkedin.com/jobs/view/94703,4 ans,Freelance,Bac +2
60102,Finance,Finance Intern,CyberGuard,Marrakesh,2023-06-13,https://linkedin.com/jobs/view/60102,3 ans,CDD,Bac +2
12101,Investment,Investment Senior,CloudWorks,Toronto,2024-09-05,https://linkedin.com/jobs/view/12101,5 ans,Freelance,Master
93636,Financial Analyst,Financial Analyst Lead,FinCorp,Amsterdam,2025-02-23,https://linkedin.com/jobs/view/93636,5 ans,Freelance,Bac +5
52490,Python Developer,Python Developer Junior,FinCorp,Lyon,2024-08-23,https://linkedin.com/jobs/view/52490,7 ans,CDI,Bac +3
23598,Software Engineer,Software Engineer Junior,TechCorp,London,2023-12-08,https://linkedin.com/jobs/view/23598,5 ans,Stage,Bac +3
16705,DevOps,DevOps Senior,AI Technologies,San Francisco,2025-05-14,https://linkedin.com/jobs/view/16705,1 ans,CDD,Bac +3
78230,Network Engineer,Network Engineer Senior,InnovateTech,San Francisco,2025-01-06,https://linkedin.com/jobs/view/78230,3 ans,Stage,Master
10937,Software Engineer,Software Engineer Junior,CloudWorks,Casablanca,2025-03-17,https://linkedin.com/jobs/view/10937,2 ans,CDI,Bac +5
54240,Full Stack Developer,Full Stack Developer Intern,FinCorp,Lyon,2025-09-04,https://linkedin.com/jobs/view/54240,1 ans,Stage,Doctorat
47681,Business Intelligence,Business Intelligence Intern,PythonTech,Paris,2025-10-05,https://linkedin.com/jobs/view/47681,3 ans,Alternance,Bac +3
39863,Cybersecurity,Cybersecurity Junior,AI Technologies,New York,2023-05-18,https://linkedin.com/jobs/view/39863,4 ans,Stage,Doctorat
66229,Risk Management,Risk Management Lead,AI Technologies,Marrakesh,2024-05-11,https://linkedin.com/jobs/view/66229,4 ans,Freelance,Doctorat
24802,Software Engineer,Software Engineer Intern,DataCorp,Toronto,2023-09-04,https://linkedin.com/jobs/view/24802,6 ans,Stage,Bac +3
77841,Machine Learning Engineer,Machine Learning Engineer Junior,InnovateTech,San Francisco,2024-01-21,https://linkedin.com/jobs/view/77841,5 ans,Freelance,Bac +3
52217,Security Analyst,Security Analyst Lead,AI Technologies,London,2025-12-22,https://linkedin.com/jobs/view/52217,3 ans,Stage,Doctorat
94761,Cybersecurity,Cybersecurity Lead,CyberGuard,Amsterdam,2023-10-08,https://linkedin.com/jobs/view/94761,5 ans,CDI,Doctorat
93153,DevOps,DevOps Lead,InnovateTech,San Francisco,2024-05-28,https://linkedin.com/jobs/view/93153,2 ans,Stage,Bac +3
13372,Data Scientist,Data Scientist Junior,AI Technologies,Casablanca,2024-02-04,https://linkedin.com/jobs/view/13372,7 ans,Alternance,Bac +2
45724,Finance,Finance Lead,SoftWare Solutions,Amsterdam,2024-10-12,https://linkedin.com/jobs/view/45724,7 ans,CDD,Doctorat
68321,Cloud Engineer,Cloud Engineer Intern,TechCorp,San Francisco,2025-04-14,https://linkedin.com/jobs/view/68321,5 ans,CDI,Bac +2
53263,Data Analyst,Data Analyst Senior,CloudWorks,Lyon,2023-08-17,https://linkedin.com/jobs/view/53263,1 ans,Freelance,Bac +3
51609,Financial Analyst,Financial Analyst Senior,CloudWorks,Amsterdam,2023-05-27,https://linkedin.com/jobs/view/51609,6 ans,CDD,Bac +2
33635,Full Stack Developer,Full Stack Developer Junior,TechCorp,Marrakesh,2023-04-10,https://linkedin.com/jobs/view/33635,7 ans,CDD,Doctorat
12701,Network Engineer,Network Engineer Senior,CloudWorks,Paris,2024-11-05,https://linkedin.com/jobs/view/12701,3 ans,Stage,Bac +2
42594,Accounting,Accounting Senior,DataCorp,Casablanca,2024-09-15,https://linkedin.com/jobs/view/42594,7 ans,CDD,Doctorat
77422,Data Analyst,Data Analyst Lead,DeepMind,Berlin,2023-02-28,https://linkedin.com/jobs/view/77422,3 ans,Stage,Bac +2
52620,Business Intelligence,Business Intelligence Senior,DataBrains,Lyon,2025-03-20,https://linkedin.com/jobs/view/52620,4 ans,Stage,Master
75477,Investment,Investment Senior,InvestPlus,Amsterdam,2025-12-10,https://linkedin.com/jobs/view/75477,7 ans,CDI,Doctorat
48994,Finance,Finance Junior,CyberGuard,Casablanca,2023-11-05,https://linkedin.com/jobs/view/48994,4 ans,CDD,Bac +2
97119,Risk Management,Risk Management Lead,PythonTech,San Francisco,2023-03-12,https://linkedin.com/jobs/view/97119,6 ans,Stage,Bac +3
91183,Finance,Finance Lead,FinanceX,Marrakesh,2025-08-21,https://linkedin.com/jobs/view/91183,3 ans,Stage,Bac +2
40318,Full Stack Developer,Full Stack Developer Intern,PythonTech,Amsterdam,2023-12-25,https://linkedin.com/jobs/view/40318,6 ans,CDI,Bac +3
18603,Full Stack Developer,Full Stack Developer Senior,DataBrains,Toronto,2023-12-10,https://linkedin.com/jobs/view/18603,4 ans,Freelance,Doctorat
70871,Data Scientist,Data Scientist Intern,FinCorp,Paris,2023-10-26,https://linkedin.com/jobs/view/70871,5 ans,CDD,Bac +3
83014,Finance,Finance Lead,CloudVision,New York,2025-02-14,https://linkedin.com/jobs/view/83014,6 ans,CDI,Bac +2
96218,Financial Analyst,Financial Analyst Junior,DataCorp,Lyon,2025-04-25,https://linkedin.com/jobs/view/96218,7 ans,CDI,Bac +2
51238,Risk Management,Risk Management Intern,SoftWare Solutions,Amsterdam,2025-09-04,https://linkedin.com/jobs/view/51238,5 ans,Freelance,Bac +3
66032,Financial Analyst,Financial Analyst Lead,InnovateTech,Lyon,2025-07-11,https://linkedin.com/jobs/view/66032,2 ans,Alternance,Bac +3
65831,Accounting,Accounting Lead,FinanceX,Marrakesh,2023-07-22,https://linkedin.com/jobs/view/65831,5 ans,Freelance,Master
78025,Investment,Investment Senior,DataBrains,Berlin,2025-05-24,https://linkedin.com/jobs/view/78025,3 ans,Freelance,Bac +5
13538,Risk Management,Risk Management Junior,SoftWare Solutions,San Francisco,2024-04-14,https://linkedin.com/jobs/view/13538,7 ans,CDD,Doctorat
49225,Data Scientist,Data Scientist Intern,InnovateTech,Marrakesh,2023-11-12,https://linkedin.com/jobs/view/49225,7 ans,Freelance,Bac +5
32753,Investment,Investment Intern,AI Technologies,Toronto,2023-11-24,https://linkedin.com/jobs/view/32753,2 ans,Freelance,Bac +2
55207,DevOps,DevOps Lead,InnovateTech,New York,2023-10-24,https://linkedin.com/jobs/view/55207,4 ans,Stage,Bac +5
44613,Risk Management,Risk Management Lead,DeepMind,Berlin,2025-03-28,https://linkedin.com/jobs/view/44613,2 ans,CDI,Doctorat
21970,Finance,Finance Lead,InnovateTech,San Francisco,2025-03-12,https://linkedin.com/jobs/view/21970,5 ans,CDI,Master
71854,Machine Learning Engineer,Machine Learning Engineer Intern,InnovateTech,Berlin,2024-04-22,https://linkedin.com/jobs/view/71854,5 ans,Alternance,Bac +3
43834,Finance,Finance Intern,CloudWorks,Berlin,2025-09-23,https://linkedin.com/jobs/view/43834,6 ans,Stage,Bac +5
42510,Machine Learning Engineer,Machine Learning Engineer Intern,DeepMind,Amsterdam,2025-05-16,https://linkedin.com/jobs/view/42510,2 ans,CDD,Bac +3
97732,Python Developer,Python Developer Intern,FinCorp,Amsterdam,2023-01-26,https://linkedin.com/jobs/view/97732,6 ans,Freelance,Bac +3
76486,Data Scientist,Data Scientist Intern,InvestPlus,Berlin,2024-02-08,https://linkedin.com/jobs/view/76486,5 ans,Stage,Master
31698,Data Analyst,Data Analyst Senior,DataCorp,Paris,2025-03-22,https://linkedin.com/jobs/view/31698,3 ans,Stage,Master
65590,Machine Learning Engineer,Machine Learning Engineer Senior,TechCorp,Casablanca,2024-12-05,https://linkedin.com/jobs/view/65590,4 ans,Freelance,Bac +5
54965,Cloud Engineer,Cloud Engineer Lead,AI Technologies,Toronto,2024-11-06,https://linkedin.com/jobs/view/54965,1 ans,Freelance,Master
11722,IT Manager,IT Manager Intern,DeepMind,New York,2025-01-17,https://linkedin.com/jobs/view/11722,7 ans,CDI,Doctorat
29577,Cybersecurity,Cybersecurity Intern,PythonTech,New York,2024-02-27,https://linkedin.com/jobs/view/29577,6 ans,CDD,Bac +3
53518,Finance,Finance Lead,CloudWorks,Amsterdam,2025-04-25,https://linkedin.com/jobs/view/53518,2 ans,Alternance,Master
12251,Cybersecurity,Cybersecurity Senior,InnovateTech,New York,2023-11-13,https://linkedin.com/jobs/view/12251,4 ans,Stage,Master
35425,Data Scientist,Data Scientist Junior,PythonTech,Amsterdam,2023-09-01,https://linkedin.com/jobs/view/35425,1 ans,Stage,Master
76987,Full Stack Developer,Full Stack Developer Senior,SoftWare Solutions,Berlin,2023-05-01,https://linkedin.com/jobs/view/76987,1 ans,CDD,Doctorat
79771,Cybersecurity,Cybersecurity Junior,FinanceX,Amsterdam,2024-08-23,https://linkedin.com/jobs/view/79771,2 ans,Stage,Bac +5
23318,Network Engineer,Network Engineer Senior,CyberGuard,Amsterdam,2025-08-14,https://linkedin.com/jobs/view/23318,3 ans,Freelance,Bac +3
59022,Financial Analyst,Financial Analyst Senior,FinanceX,New York,2025-07-28,https://linkedin.com/jobs/view/59022,6 ans,Stage,Bac +5
32927,Investment,Investment Lead,RiskNet,Toronto,2024-07-27,https://linkedin.com/jobs/view/32927,6 ans,CDD,Doctorat
27749,Data Analyst,Data Analyst Senior,FinCorp,Berlin,2023-10-11,https://linkedin.com/jobs/view/27749,6 ans,Freelance,Bac +2
76259,Financial Analyst,Financial Analyst Senior,TechCorp,Paris,2024-05-04,https://linkedin.com/jobs/view/76259,6 ans,CDD,Master
44204,Software Engineer,Software Engineer Senior,SoftWare Solutions,Casablanca,2023-06-18,https://linkedin.com/jobs/view/44204,4 ans,Freelance,Bac +2
45025,Data Analyst,Data Analyst Lead,TechCorp,Marrakesh,2024-03-16,https://linkedin.com/jobs/view/45025,4 ans,CDI,Bac +3
31099,Financial Analyst,Financial Analyst Junior,SoftWare Solutions,Toronto,2025-09-26,https://linkedin.com/jobs/view/31099,4 ans,Alternance,Master
53293,Risk Management,Risk Management Senior,CloudVision,Toronto,2025-01-04,https://linkedin.com/jobs/view/53293,3 ans,CDI,Bac +3
27880,Accounting,Accounting Junior,CloudWorks,San Francisco,2024-04-13,https://linkedin.com/jobs/view/27880,5 ans,Alternance,Bac +3
82754,Financial Analyst,Financial Analyst Senior,InvestPlus,Marrakesh,2023-01-25,https://linkedin.com/jobs/view/82754,5 ans,CDI,Bac +5
24383,Cybersecurity,Cybersecurity Intern,FinCorp,London,2024-06-24,https://linkedin.com/jobs/view/24383,7 ans,Freelance,Master
11121,Python Developer,Python Developer Lead,PythonTech,Casablanca,2024-06-28,https://linkedin.com/jobs/view/11121,7 ans,CDI,Bac +2
27176,Investment,Investment Intern,InnovateTech,Casablanca,2023-06-20,https://linkedin.com/jobs/view/27176,1 ans,CDI,Doctorat
89736,Cybersecurity,Cybersecurity Junior,InnovateTech,San Francisco,2025-01-25,https://linkedin.com/jobs/view/89736,6 ans,Stage,Bac +3
50031,Python Developer,Python Developer Lead,CyberGuard,Berlin,2025-05-14,https://linkedin.com/jobs/view/50031,7 ans,Stage,Doctorat
86353,DevOps,DevOps Intern,CloudVision,Paris,2025-05-14,https://linkedin.com/jobs/view/86353,6 ans,Alternance,Master
50621,Risk Management,Risk Management Junior,CloudWorks,Toronto,2023-04-28,https://linkedin.com/jobs/view/50621,6 ans,Stage,Bac +5
27127,Accounting,Accounting Senior,SoftWare Solutions,Berlin,2025-11-22,https://linkedin.com/jobs/view/27127,5 ans,Stage,Bac +5
22565,Cloud Engineer,Cloud Engineer Senior,TechCorp,Amsterdam,2023-06-27,https://linkedin.com/jobs/view/22565,2 ans,Freelance,Bac +5
45082,Business Intelligence,Business Intelligence Senior,InnovateTech,Marrakesh,2025-07-07,https://linkedin.com/jobs/view/45082,2 ans,Freelance,Bac +5
77056,Financial Analyst,Financial Analyst Intern,DataBrains,Paris,2025-06-26,https://linkedin.com/jobs/view/77056,3 ans,CDD,Bac +5
99033,Accounting,Accounting Lead,CyberGuard,Paris,2023-03-15,https://linkedin.com/jobs/view/99033,7 ans,Freelance,Bac +5
34533,Accounting,Accounting Lead,DeepMind,Marrakesh,2023-12-07,https://linkedin.com/jobs/view/34533,5 ans,Alternance,Master
28983,Python Developer,Python Developer Lead,PythonTech,Paris,2023-09-24,https://linkedin.com/jobs/view/28983,2 ans,CDI,Bac +5
57707,IT Manager,IT Manager Senior,InvestPlus,Berlin,2023-06-09,https://linkedin.com/jobs/view/57707,1 ans,Freelance,Bac +2
69155,Network Engineer,Network Engineer Senior,PythonTech,Amsterdam,2024-03-25,https://linkedin.com/jobs/view/69155,4 ans,CDI,Bac +5
63644,Business Intelligence,Business Intelligence Junior,DataCorp,Berlin,2024-11-03,https://linkedin.com/jobs/view/63644,1 ans,Freelance,Doctorat
35014,Investment,Investment Junior,SoftWare Solutions,Toronto,2023-09-04,https://linkedin.com/jobs/view/35014,5 ans,Freelance,Master
16020,Full Stack Developer,Full Stack Developer Junior,SoftWare Solutions,Lyon,2023-12-02,https://linkedin.com/jobs/view/16020,1 ans,Stage,Bac +5
80330,Python Developer,Python Developer Junior,TechCorp,Casablanca,2023-09-01,https://linkedin.com/jobs/view/80330,2 ans,Freelance,Doctorat
18788,Full Stack Developer,Full Stack Developer Intern,PythonTech,Marrakesh,2023-01-14,https://linkedin.com/jobs/view/18788,1 ans,CDI,Bac +3
94793,Network Engineer,Network Engineer Lead,InvestPlus,Casablanca,2025-07-08,https://linkedin.com/jobs/view/94793,3 ans,Alternance,Master
67510,Finance,Finance Intern,AI Technologies,Toronto,2023-02-09,https://linkedin.com/jobs/view/67510,1 ans,CDI,Bac +2
88291,Security Analyst,Security Analyst Lead,InnovateTech,Lyon,2025-06-05,https://linkedin.com/jobs/view/88291,6 ans,Freelance,Master
30787,DevOps,DevOps Junior,CyberGuard,Casablanca,2025-08-07,https://linkedin.com/jobs/view/30787,2 ans,Freelance,Bac +3
45029,Cloud Engineer,Cloud Engineer Junior,RiskNet,San Francisco,2025-06-06,https://linkedin.com/jobs/view/45029,4 ans,Freelance,Bac +5
57560,Software Engineer,Software Engineer Senior,InnovateTech,Berlin,2023-01-01,https://linkedin.com/jobs/view/57560,1 ans,Stage,Bac +3
69732,Risk Management,Risk Management Junior,FinanceX,Amsterdam,2024-09-09,https://linkedin.com/jobs/view/69732,7 ans,CDD,Bac +5
22080,Cloud Engineer,Cloud Engineer Intern,CloudVision,Amsterdam,2024-06-11,https://linkedin.com/jobs/view/22080,7 ans,Alternance,Doctorat
30804,Finance,Finance Lead,CyberGuard,Berlin,2024-02-02,https://linkedin.com/jobs/view/30804,4 ans,Stage,Bac +5
16571,Data Engineer,Data Engineer Lead,DataBrains,Lyon,2025-03-08,https://linkedin.com/jobs/view/16571,6 ans,Freelance,Bac +3
51994,Investment,Investment Senior,InvestPlus,New York,2024-01-08,https://linkedin.com/jobs/view/51994,4 ans,Freelance,Bac +5
72249,Full Stack Developer,Full Stack Developer Intern,PythonTech,New York,2023-10-13,https://linkedin.com/jobs/view/72249,2 ans,CDD,Master
29216,DevOps,DevOps Lead,DeepMind,Lyon,2023-02-06,https://linkedin.com/jobs/view/29216,7 ans,Freelance,Bac +5
19605,Accounting,Accounting Senior,AI Technologies,Amsterdam,2024-10-17,https://linkedin.com/jobs/view/19605,2 ans,Alternance,Master
41627,Network Engineer,Network Engineer Lead,InvestPlus,Marrakesh,2025-05-14,https://linkedin.com/jobs/view/41627,1 ans,Freelance,Bac +2
57823,Accounting,Accounting Junior,FinCorp,Marrakesh,2023-01-09,https://linkedin.com/jobs/view/57823,4 ans,Alternance,Bac +5
27864,Cloud Engineer,Cloud Engineer Senior,PythonTech,Toronto,2023-12-22,https://linkedin.com/jobs/view/27864,5 ans,CDD,Master
29207,DevOps,DevOps Intern,CyberGuard,Marrakesh,2024-04-13,https://linkedin.com/jobs/view/29207,7 ans,Freelance,Bac +3
77181,Financial Analyst,Financial Analyst Senior,InvestPlus,London,2023-01-02,https://linkedin.com/jobs/view/77181,2 ans,Alternance,Bac +2
13543,Financial Analyst,Financial Analyst Senior,SoftWare Solutions,Paris,2024-07-28,https://linkedin.com/jobs/view/13543,5 ans,Stage,Doctorat
97619,Business Intelligence,Business Intelligence Senior,InvestPlus,Toronto,2024-07-06,https://linkedin.com/jobs/view/97619,6 ans,CDI,Master
13863,IT Manager,IT Manager Senior,FinanceX,Marrakesh,2023-05-01,https://linkedin.com/jobs/view/13863,6 ans,Freelance,Bac +5
10122,Risk Management,Risk Management Lead,InnovateTech,Casablanca,2024-10-20,https://linkedin.com/jobs/view/10122,2 ans,Stage,Bac +2
97883,Security Analyst,Security Analyst Lead,CyberGuard,Casablanca,2024-10-05,https://linkedin.com/jobs/view/97883,5 ans,Freelance,Bac +3
49761,Accounting,Accounting Junior,CloudVision,Amsterdam,2025-06-19,https://linkedin.com/jobs/view/49761,5 ans,CDD,Bac +3
93939,Risk Management,Risk Management Junior,InvestPlus,Amsterdam,2025-04-11,https://linkedin.com/jobs/view/93939,2 ans,Stage,Doctorat
93858,Software Engineer,Software Engineer Junior,DataCorp,Berlin,2023-06-11,https://linkedin.com/jobs/view/93858,2 ans,Stage,Bac +3
76435,Python Developer,Python Developer Intern,SoftWare Solutions,Toronto,2025-02-09,https://linkedin.com/jobs/view/76435,2 ans,Stage,Master
19096,Data Engineer,Data Engineer Junior,CloudWorks,Marrakesh,2023-09-16,https://linkedin.com/jobs/view/19096,1 ans,CDD,Master
23712,Cybersecurity,Cybersecurity Lead,DataBrains,Lyon,2025-03-19,https://linkedin.com/jobs/view/23712,7 ans,Stage,Doctorat
76806,Software Engineer,Software Engineer Senior,RiskNet,London,2023-03-08,https://linkedin.com/jobs/view/76806,3 ans,Freelance,Doctorat
89659,IT Manager,IT Manager Lead,AI Technologies,New York,2023-11-23,https://linkedin.com/jobs/view/89659,2 ans,Stage,Master
86166,Network Engineer,Network Engineer Senior,DeepMind,London,2023-02-15,https://linkedin.com/jobs/view/86166,7 ans,Stage,Master
57272,Data Engineer,Data Engineer Lead,DataCorp,Casablanca,2023-09-24,https://linkedin.com/jobs/view/57272,5 ans,CDI,Doctorat
82354,Financial Analyst,Financial Analyst Senior,DeepMind,San Francisco,2023-01-25,https://linkedin.com/jobs/view/82354,3 ans,CDD,Bac +3
79676,Financial Analyst,Financial Analyst Junior,DeepMind,New York,2025-12-01,https://linkedin.com/jobs/view/79676,4 ans,CDI,Bac +3
68028,Financial Analyst,Financial Analyst Lead,DeepMind,Lyon,2025-03-25,https://linkedin.com/jobs/view/68028,5 ans,Freelance,Bac +2
74504,Full Stack Developer,Full Stack Developer Junior,FinCorp,Casablanca,2023-07-06,https://linkedin.com/jobs/view/74504,4 ans,CDD,Bac +5
19367,Data Scientist,Data Scientist Intern,AI Technologies,Lyon,2025-05-25,https://linkedin.com/jobs/view/19367,5 ans,CDI,Bac +2
95734,Full Stack Developer,Full Stack Developer Junior,CloudVision,Lyon,2024-03-21,https://linkedin.com/jobs/view/95734,1 ans,Alternance,Master
40488,Data Engineer,Data Engineer Senior,DataCorp,Casablanca,2024-08-20,https://linkedin.com/jobs/view/40488,5 ans,CDD,Bac +5
48233,Financial Analyst,Financial Analyst Junior,FinanceX,Amsterdam,2024-02-25,https://linkedin.com/jobs/view/48233,4 ans,CDD,Bac +5
89794,Data Engineer,Data Engineer Lead,CyberGuard,Berlin,2025-08-21,https://linkedin.com/jobs/view/89794,6 ans,Alternance,Doctorat
99162,Data Scientist,Data Scientist Intern,CloudWorks,San Francisco,2025-08-22,https://linkedin.com/jobs/view/99162,6 ans,Freelance,Bac +2
24168,DevOps,DevOps Intern,RiskNet,Berlin,2024-11-25,https://linkedin.com/jobs/view/24168,2 ans,Alternance,Doctorat
59857,Financial Analyst,Financial Analyst Junior,CloudVision,Casablanca,2023-10-24,https://linkedin.com/jobs/view/59857,1 ans,CDI,Bac +2
32823,Security Analyst,Security Analyst Lead,InnovateTech,San Francisco,2024-10-01,https://linkedin.com/jobs/view/32823,7 ans,Alternance,Bac +2
86886,Data Analyst,Data Analyst Intern,CloudWorks,London,2025-11-20,https://linkedin.com/jobs/view/86886,6 ans,CDI,Bac +2
31056,Financial Analyst,Financial Analyst Lead,FinanceX,Lyon,2023-11-24,https://linkedin.com/jobs/view/31056,4 ans,CDD,Master
77308,Data Scientist,Data Scientist Senior,CloudWorks,Berlin,2025-01-22,https://linkedin.com/jobs/view/77308,7 ans,CDI,Bac +5
35284,Software Engineer,Software Engineer Junior,CloudVision,Casablanca,2023-12-17,https://linkedin.com/jobs/view/35284,6 ans,CDI,Bac +2
71611,Financial Analyst,Financial Analyst Lead,PythonTech,Lyon,2025-04-09,https://linkedin.com/jobs/view/71611,6 ans,Alternance,Doctorat
96219,Cloud Engineer,Cloud Engineer Junior,CloudWorks,Casablanca,2025-05-25,https://linkedin.com/jobs/view/96219,5 ans,Alternance,Bac +5
54369,Financial Analyst,Financial Analyst Junior,CyberGuard,San Francisco,2024-05-12,https://linkedin.com/jobs/view/54369,7 ans,Alternance,Bac +3
12118,Software Engineer,Software Engineer Lead,AI Technologies,London,2024-03-01,https://linkedin.com/jobs/view/12118,6 ans,CDD,Master
37425,Investment,Investment Intern,FinCorp,New York,2023-01-06,https://linkedin.com/jobs/view/37425,3 ans,Freelance,Doctorat
99742,Accounting,Accounting Senior,CyberGuard,London,2024-11-06,https://linkedin.com/jobs/view/99742,7 ans,Freelance,Master
22153,Network Engineer,Network Engineer Lead,DeepMind,London,2024-04-04,https://linkedin.com/jobs/view/22153,1 ans,Freelance,Bac +3
87746,Machine Learning Engineer,Machine Learning Engineer Senior,DataBrains,San Francisco,2023-06-07,https://linkedin.com/jobs/view/87746,7 ans,Alternance,Master
32344,Financial Analyst,Financial Analyst Junior,CyberGuard,Lyon,2024-12-07,https://linkedin.com/jobs/view/32344,6 ans,Alternance,Doctorat
48154,Data Scientist,Data Scientist Junior,PythonTech,Marrakesh,2023-06-03,https://linkedin.com/jobs/view/48154,3 ans,Alternance,Doctorat
35393,Data Engineer,Data Engineer Intern,RiskNet,Casablanca,2023-03-18,https://linkedin.com/jobs/view/35393,2 ans,Freelance,Bac +3
52905,Software Engineer,Software Engineer Junior,CloudWorks,London,2024-10-22,https://linkedin.com/jobs/view/52905,5 ans,CDI,Master
50682,Risk Management,Risk Management Intern,FinCorp,New York,2024-09-04,https://linkedin.com/jobs/view/50682,5 ans,CDD,Bac +3
51107,Financial Analyst,Financial Analyst Lead,CloudWorks,Paris,2025-09-07,https://linkedin.com/jobs/view/51107,1 ans,Stage,Bac +3
97719,Investment,Investment Lead,SoftWare Solutions,Amsterdam,2024-02-07,https://linkedin.com/jobs/view/97719,2 ans,CDD,Bac +5
49104,IT Manager,IT Manager Junior,AI Technologies,Lyon,2024-10-18,https://linkedin.com/jobs/view/49104,3 ans,Freelance,Bac +2
84458,Data Scientist,Data Scientist Intern,InnovateTech,San Francisco,2023-04-19,https://linkedin.com/jobs/view/84458,5 ans,Freelance,Bac +3
48528,Accounting,Accounting Lead,DataCorp,San Francisco,2023-12-06,https://linkedin.com/jobs/view/48528,5 ans,Stage,Master
91637,Data Engineer,Data Engineer Junior,RiskNet,Marrakesh,2023-05-22,https://linkedin.com/jobs/view/91637,5 ans,Stage,Master
17401,Accounting,Accounting Intern,CyberGuard,New York,2025-02-26,https://linkedin.com/jobs/view/17401,6 ans,CDD,Bac +5
35559,Data Analyst,Data Analyst Intern,AI Technologies,Lyon,2024-02-11,https://linkedin.com/jobs/view/35559,6 ans,CDI,Bac +3
13357,Business Intelligence,Business Intelligence Senior,CloudVision,New York,2024-06-16,https://linkedin.com/jobs/view/13357,2 ans,Freelance,Bac +3
86211,Risk Management,Risk Management Intern,AI Technologies,Amsterdam,2025-06-13,https://linkedin.com/jobs/view/86211,7 ans,Alternance,Bac +5
60690,Accounting,Accounting Senior,DataBrains,London,2025-06-14,https://linkedin.com/jobs/view/60690,4 ans,CDI,Bac +5
63901,Accounting,Accounting Junior,AI Technologies,Berlin,2025-07-28,https://linkedin.com/jobs/view/63901,2 ans,Freelance,Bac +5
32804,Data Analyst,Data Analyst Junior,AI Technologies,Lyon,2023-02-24,https://linkedin.com/jobs/view/32804,1 ans,CDD,Bac +5
19573,Risk Management,Risk Management Senior,FinanceX,Toronto,2025-04-21,https://linkedin.com/jobs/view/19573,4 ans,Freelance,Bac +3
18081,Accounting,Accounting Intern,FinCorp,Marrakesh,2023-11-22,https://linkedin.com/jobs/view/18081,5 ans,Stage,Master
72475,Risk Management,Risk Management Lead,DataBrains,New York,2023-07-06,https://linkedin.com/jobs/view/72475,6 ans,CDI,Master
93578,Data Analyst,Data Analyst Junior,CloudWorks,Paris,2023-09-23,https://linkedin.com/jobs/view/93578,7 ans,CDD,Doctorat
83958,Financial Analyst,Financial Analyst Senior,SoftWare Solutions,New York,2024-07-18,https://linkedin.com/jobs/view/83958,6 ans,Freelance,Master
10702,Data Scientist,Data Scientist Intern,AI Technologies,Marrakesh,2025-02-16,https://linkedin.com/jobs/view/10702,5 ans,Alternance,Bac +3
97687,Accounting,Accounting Junior,PythonTech,Berlin,2023-07-28,https://linkedin.com/jobs/view/97687,3 ans,CDI,Bac +3
53312,Financial Analyst,Financial Analyst Lead,PythonTech,Amsterdam,2025-08-28,https://linkedin.com/jobs/view/53312,3 ans,Freelance,Doctorat
16283,Accounting,Accounting Junior,RiskNet,Amsterdam,2024-11-02,https://linkedin.com/jobs/view/16283,1 ans,Alternance,Bac +5
70747,Accounting,Accounting Senior,CloudWorks,Lyon,2024-09-25,https://linkedin.com/jobs/view/70747,3 ans,Stage,Bac +3
22806,Accounting,Accounting Junior,DeepMind,Paris,2024-09-09,https://linkedin.com/jobs/view/22806,1 ans,Freelance,Bac +3
40661,Software Engineer,Software Engineer Senior,RiskNet,Marrakesh,2023-10-01,https://linkedin.com/jobs/view/40661,5 ans,CDI,Master
86328,Finance,Finance Senior,InvestPlus,Marrakesh,2023-07-08,https://linkedin.com/jobs/view/86328,6 ans,Freelance,Master
19112,Machine Learning Engineer,Machine Learning Engineer Intern,DeepMind,San Francisco,2024-08-23,https://linkedin.com/jobs/view/19112,5 ans,CDI,Bac +2
20977,Python Developer,Python Developer Junior,RiskNet,San Francisco,2024-06-23,https://linkedin.com/jobs/view/20977,6 ans,CDI,Bac +5
67311,IT Manager,IT Manager Senior,FinanceX,Amsterdam,2025-09-10,https://linkedin.com/jobs/view/67311,7 ans,CDI,Bac +5
74068,Network Engineer,Network Engineer Senior,RiskNet,Casablanca,2023-03-16,https://linkedin.com/jobs/view/74068,2 ans,Alternance,Bac +2
